{"indices": [[2, 3, 1], [4, 7, 3], [8, 5, 7], [6, 1, 5], [7, 1, 3], [4, 6, 8], [28, 26, 9], [12, 13, 11], [28, 29, 27], [14, 15, 13], [23, 27, 31], [26, 27, 25], [16, 17, 15], [32, 10, 31], [24, 25, 23], [18, 19, 17], [20, 18, 16], [9, 23, 10], [20, 21, 19], [30, 31, 29], [22, 11, 21], [19, 21, 13], [34, 35, 33], [36, 37, 35], [38, 39, 37], [40, 41, 39], [46, 45, 47], [42, 43, 41], [44, 33, 43], [39, 41, 43], [50, 49, 51], [54, 53, 55], [58, 59, 57], [60, 61, 59], [62, 63, 61], [64, 65, 63], [66, 67, 65], [68, 57, 67], [63, 65, 67], [70, 71, 69], [74, 75, 73], [76, 77, 75], [78, 79, 77], [80, 81, 79], [82, 83, 81], [84, 73, 83], [86, 87, 85], [90, 89, 91], [94, 95, 93], [98, 99, 97], [102, 103, 101], [106, 107, 105], [110, 111, 109], [2, 4, 3], [4, 8, 7], [8, 6, 5], [6, 2, 1], [7, 5, 1], [4, 2, 6], [26, 24, 9], [9, 32, 30], [30, 28, 9], [12, 14, 13], [28, 30, 29], [14, 16, 15], [31, 10, 23], [23, 25, 27], [27, 29, 31], [26, 28, 27], [16, 18, 17], [32, 9, 10], [24, 26, 25], [18, 20, 19], [16, 14, 20], [14, 12, 20], [12, 22, 20], [9, 24, 23], [20, 22, 21], [30, 32, 31], [22, 12, 11], [21, 11, 13], [13, 15, 17], [17, 19, 13], [34, 36, 35], [36, 38, 37], [38, 40, 39], [40, 42, 41], [46, 47, 48], [42, 44, 43], [44, 34, 33], [43, 33, 35], [35, 37, 43], [37, 39, 43], [50, 51, 52], [54, 55, 56], [58, 60, 59], [60, 62, 61], [62, 64, 63], [64, 66, 65], [66, 68, 67], [68, 58, 57], [67, 57, 59], [59, 61, 67], [61, 63, 67], [70, 72, 71], [74, 76, 75], [76, 78, 77], [78, 80, 79], [80, 82, 81], [82, 84, 83], [84, 74, 73], [86, 88, 87], [90, 91, 92], [94, 96, 95], [98, 100, 99], [102, 104, 103], [106, 108, 107], [110, 112, 111], [114, 113, 115], [118, 117, 119], [122, 121, 123], [126, 125, 127], [114, 115, 116], [118, 119, 120], [122, 123, 124], [126, 127, 128]], "materials": [2, 2, 2, 2, 2, 2, 2, 2, 2, 2, 2, 2, 2, 2, 2, 2, 2, 2, 2, 2, 2, 2, 2, 2, 2, 2, 1, 2, 2, 2, 1, 1, 2, 2, 2, 2, 2, 2, 2, 1, 2, 2, 2, 2, 2, 2, 1, 1, 1, 1, 1, 1, 1, 2, 2, 2, 2, 2, 2, 2, 2, 2, 2, 2, 2, 2, 2, 2, 2, 2, 2, 2, 2, 2, 2, 2, 2, 2, 2, 2, 2, 2, 2, 2, 2, 2, 2, 1, 2, 2, 2, 2, 2, 1, 1, 2, 2, 2, 2, 2, 2, 2, 2, 2, 1, 2, 2, 2, 2, 2, 2, 1, 1, 1, 1, 1, 1, 1, 1, 1, 1, 1, 1, 1, 1, 1], "vertices": [[49.818878173828125, 7.7562665939331055, 0.039187632501125336], [49.818878173828125, 7.7562665939331055, 2.9251885414123535], [49.818878173828125, 4.913616180419922, 0.039187632501125336], [49.818878173828125, 4.913616180419922, 2.9251885414123535], [-49.85485076904297, 7.756257057189941, 0.039187632501125336], [-49.85485076904297, 7.756257057189941, 2.9251885414123535], [-49.85485076904297, 4.913606643676758, 0.039187632501125336], [-49.85485076904297, 4.913606643676758, 2.9251885414123535], [-16.784095764160156, 10.546178817749023, -4.761223793029785], [12.450723648071289, 10.546188354492188, -4.761219024658203], [2.9099035263061523, 12.221670150756836, -18.42428207397461], [2.9099035263061523, 12.221670150756836, 8.901834487915039], [0.00787439290434122, 10.546178817749023, -18.42428207397461], [0.00787439290434122, 10.546178817749023, 8.901834487915039], [-2.894155979156494, 12.221670150756836, -18.42428207397461], [-2.894155979156494, 12.221670150756836, 8.901834487915039], [-2.894155979156494, 15.572643280029297, -18.42428207397461], [-2.894155979156494, 15.572643280029297, 8.901834487915039], [0.007881601341068745, 17.248125076293945, -18.42428207397461], [0.007881601341068745, 17.248125076293945, 8.901834487915039], [2.9099011421203613, 15.572643280029297, -18.42428207397461], [2.9099011421203613, 15.572643280029297, 8.901834487915039], [12.450723648071289, 12.221670150756836, -7.663249969482422], [-16.784095764160156, 12.221670150756836, -7.663249969482422], [12.450723648071289, 15.572652816772461, -7.663249969482422], [-16.784095764160156, 15.572643280029297, -7.663249969482422], [12.450723648071289, 17.24813461303711, -4.761223793029785], [-16.784095764160156, 17.248125076293945, -4.761223793029785], [12.450723648071289, 15.572652816772461, -1.8591928482055664], [-16.784095764160156, 15.572643280029297, -1.859194040298462], [12.450723648071289, 12.2216796875, -1.859191656112671], [-16.784095764160156, 12.221670150756836, -1.8591928482055664], [0.00787834171205759, -43.584938049316406, -1.4102447032928467], [0.00787361990660429, 10.905876159667969, -1.4102470874786377], [-2.894151210784912, -43.584938049316406, -3.0857324600219727], [-2.894155979156494, 10.905876159667969, -3.0857324600219727], [-2.894151210784912, -43.584938049316406, -6.436705589294434], [-2.894155979156494, 10.905876159667969, -6.436710357666016], [0.00787834171205759, -43.584938049316406, -8.112192153930664], [0.00787361990660429, 10.905876159667969, -8.112196922302246], [2.9099059104919434, -43.584938049316406, -6.436705589294434], [2.9099011421203613, 10.905876159667969, -6.436710357666016], [2.9099059104919434, -43.584938049316406, -3.0857324600219727], [2.9099011421203613, 10.905876159667969, -3.0857348442077637], [10.547666549682617, -39.065513610839844, -4.812712669372559], [-10.555458068847656, -39.065513610839844, -4.812712669372559], [10.547666549682617, -41.654510498046875, -4.812712669372559], [-10.555458068847656, -41.654510498046875, -4.812712669372559], [17.919368743896484, -22.48088836669922, -4.812712669372559], [-17.92715072631836, -22.48088836669922, -4.812712669372559], [17.919368743896484, -26.676998138427734, -4.812712669372559], [-17.92715072631836, -26.676998138427734, -4.812712669372559], [12.56978988647461, -7.138967514038086, -4.812712669372559], [-12.577581405639648, -7.138972282409668, -4.812712669372559], [12.56978988647461, -10.920343399047852, -4.812712669372559], [-12.577581405639648, -10.920343399047852, -4.812712669372559], [2.195160388946533, -2.5555872917175293, -14.100284576416016], [1.2697100639343262, -2.021278142929077, -6.481919288635254], [0.052967555820941925, -3.7923836708068848, -14.100284576416016], [-0.01190338283777237, -2.761218547821045, -6.481919288635254], [-2.089228630065918, -2.5555872917175293, -14.100284576416016], [-1.2935185432434082, -2.021278142929077, -6.481919288635254], [-2.0892274379730225, -0.08199542760848999, -14.100284576416016], [-1.2935173511505127, -0.5413985252380371, -6.481919288635254], [0.05296479910612106, 1.154801845550537, -14.100284576416016], [-0.011904928833246231, 0.19854187965393066, -6.481919288635254], [2.195158004760742, -0.0819937139749527, -14.100284576416016], [1.2697076797485352, -0.5413973331451416, -6.481919288635254], [10.581979751586914, -1.335291862487793, -12.172212600708008], [-10.440664291381836, -1.335294246673584, -12.172212600708008], [10.581979751586914, -1.335291862487793, -9.762935638427734], [-10.440664291381836, -1.335294246673584, -9.762935638427734], [0.007875766605138779, -15.042743682861328, 26.62517547607422], [0.007875766605138779, -15.042753219604492, -2.68812894821167], [-1.4524972438812256, -15.885896682739258, 26.62517547607422], [-1.4524972438812256, -15.885896682739258, -2.68812894821167], [-1.4524972438812256, -17.572193145751953, 26.62517547607422], [-1.4524972438812256, -17.572193145751953, -2.68812894821167], [0.007876111194491386, -18.41533660888672, 26.62517547607422], [0.007876111194491386, -18.41533660888672, -2.68812894821167], [1.4682483673095703, -17.572193145751953, 26.62517547607422], [1.4682483673095703, -17.572193145751953, -2.68812894821167], [1.4682483673095703, -15.885896682739258, 26.62517547607422], [1.4682483673095703, -15.885896682739258, -2.68812894821167], [14.238653182983398, -8.640570640563965, 26.62517547607422], [-14.494962692260742, -8.640570640563965, 26.62517547607422], [14.238653182983398, -24.73623275756836, 26.62517547607422], [-14.494962692260742, -24.73623275756836, 26.62517547607422], [14.82996940612793, 10.673704147338867, 16.14400863647461], [14.82996940612793, 10.673704147338867, 3.0018186569213867], [14.82996940612793, 2.058933973312378, 16.14400863647461], [14.82996940612793, 2.058931589126587, 3.0018186569213867], [-14.878454208374023, 10.673704147338867, 